City ID,City,Country,Latitude,Longitude,Max Temperature,Humidity,Percent Clouds,Wind Speed,Description,Date
0,Avarua,CK,-21.2078,-159.775,73.45,73,90,6.91,overcast clouds,2021-06-13 01:47:11
1,Vaini,TO,-21.2,-175.2,77.16,69,40,12.66,scattered clouds,2021-06-13 01:47:11
2,Albany,US,42.6001,-73.9662,66.07,82,15,2.3,few clouds,2021-06-13 01:42:32
3,Ahuimanu,US,21.4447,-157.8378,87.51,56,40,13.8,scattered clouds,2021-06-13 01:47:12
4,Iquique,CL,-20.2208,-70.1431,62.64,78,5,3.2,clear sky,2021-06-13 01:47:12
5,Hobyo,SO,5.3505,48.5268,77.14,87,100,25.37,overcast clouds,2021-06-13 01:47:12
6,Pisco,PE,-13.7,-76.2167,64.45,72,90,10.36,overcast clouds,2021-06-13 01:47:13
7,Atuona,PF,-9.8,-139.0333,79.09,76,7,16.53,clear sky,2021-06-13 01:47:13
8,Tairua,NZ,-37.0167,175.85,62.1,83,100,11.05,overcast clouds,2021-06-13 01:47:13
9,Ushuaia,AR,-54.8,-68.3,38.86,87,75,26.46,broken clouds,2021-06-13 01:47:14
10,Ancud,CL,-41.8697,-73.8203,44.42,88,100,4.76,light rain,2021-06-13 01:47:14
11,Bandarbeyla,SO,9.4942,50.8122,79.16,64,61,24.09,broken clouds,2021-06-13 01:47:14
12,Ozernovskiy,RU,51.5,156.5167,48.83,83,88,3.62,overcast clouds,2021-06-13 01:47:15
13,Kolokani,ML,13.5728,-8.0339,89.6,32,57,8.63,broken clouds,2021-06-13 01:47:15
14,Saskylakh,RU,71.9167,114.0833,49.55,56,100,12.75,overcast clouds,2021-06-13 01:47:15
15,Yellowknife,CA,62.456,-114.3525,61.32,59,20,11.5,few clouds,2021-06-13 01:45:12
16,Singleton,AU,-32.5667,151.1833,64.45,54,0,11.59,clear sky,2021-06-13 01:47:16
17,East London,ZA,-33.0153,27.9116,64.09,51,74,3.85,broken clouds,2021-06-13 01:47:16
18,Mount Isa,AU,-20.7333,139.5,76.77,16,27,6.91,scattered clouds,2021-06-13 01:47:17
19,Bud,US,39.447,-86.1758,85.98,95,95,11.92,overcast clouds,2021-06-13 01:47:17
20,Dum Duma,IN,27.5667,95.5667,85.89,83,68,2.28,broken clouds,2021-06-13 01:47:17
21,Hobart,AU,-42.8794,147.3294,60.03,88,75,8.05,broken clouds,2021-06-13 01:47:18
22,Hasaki,JP,35.7333,140.8333,82.8,76,100,14.58,overcast clouds,2021-06-13 01:45:42
23,Narsaq,GL,60.9167,-46.05,46.62,86,89,4.16,overcast clouds,2021-06-13 01:47:18
24,Catamarca,AR,-28.4696,-65.7852,67.77,68,0,4.0,clear sky,2021-06-13 01:47:18
25,Muros,ES,42.7762,-9.0603,66.7,83,5,4.47,clear sky,2021-06-13 01:47:19
26,Qaanaaq,GL,77.484,-69.3632,29.25,85,74,2.28,broken clouds,2021-06-13 01:47:19
27,Saint-Joseph,RE,-21.3667,55.6167,70.16,80,53,15.12,broken clouds,2021-06-13 01:47:19
28,Chernyshevskiy,RU,63.0128,112.4714,60.17,37,97,12.19,overcast clouds,2021-06-13 01:47:20
29,Svetlaya,RU,46.5389,138.3297,54.9,91,83,6.62,broken clouds,2021-06-13 01:47:20
30,Rikitea,PF,-23.1203,-134.9692,76.03,77,35,9.37,scattered clouds,2021-06-13 01:47:20
31,Ketchikan,US,55.3422,-131.6461,58.98,77,75,14.97,broken clouds,2021-06-13 01:47:21
32,Conceicao Do Araguaia,BR,-8.2578,-49.2647,78.93,65,0,5.75,clear sky,2021-06-13 01:47:21
33,Punta Arenas,CL,-53.15,-70.9167,39.31,87,20,17.27,few clouds,2021-06-13 01:47:21
34,Busselton,AU,-33.65,115.3333,59.94,64,14,7.99,few clouds,2021-06-13 01:47:22
35,Bentiu,SS,9.2333,29.8333,80.17,61,95,9.28,overcast clouds,2021-06-13 01:47:22
36,Rurrenabaque,BO,-14.4413,-67.5278,61.83,86,19,1.97,few clouds,2021-06-13 01:47:23
37,Benjamin Aceval,PY,-24.9667,-57.5667,53.74,66,0,5.44,clear sky,2021-06-13 01:47:23
38,Bethel,US,41.3712,-73.414,63.25,88,1,0.0,clear sky,2021-06-13 01:47:23
39,Beachwood,US,41.4645,-81.5087,72.19,78,1,1.01,clear sky,2021-06-13 01:47:23
40,Xichang,CN,27.8964,102.2634,76.08,72,77,3.44,broken clouds,2021-06-13 01:47:24
41,Sechura,PE,-5.5569,-80.8222,68.2,75,12,13.85,few clouds,2021-06-13 01:47:24
42,Jamestown,US,42.097,-79.2353,72.72,73,1,5.75,clear sky,2021-06-13 01:42:39
43,Castro,BR,-24.7911,-50.0119,46.87,79,0,1.5,clear sky,2021-06-13 01:47:25
44,Tiksi,RU,71.6872,128.8694,47.28,67,99,10.38,light rain,2021-06-13 01:43:53
45,Khatanga,RU,71.9667,102.5,38.59,74,100,10.96,overcast clouds,2021-06-13 01:47:25
46,San Juan,AR,-31.5375,-68.5364,75.72,46,0,2.44,clear sky,2021-06-13 01:50:25
47,Ponta Do Sol,PT,32.6667,-17.1,68.72,77,3,4.5,clear sky,2021-06-13 01:50:26
48,Labuhan,ID,-6.8844,112.2051,82.62,74,85,5.99,overcast clouds,2021-06-13 01:50:26
49,Aasiaat,GL,68.7098,-52.8699,34.79,87,50,6.51,scattered clouds,2021-06-13 01:50:26
50,Trinidad,BO,-14.8333,-64.9,61.93,75,1,3.29,clear sky,2021-06-13 01:50:27
51,Mar Del Plata,AR,-38.0023,-57.5575,57.87,83,0,1.01,clear sky,2021-06-13 01:50:27
52,Sobolevo,RU,54.4299,31.8996,53.01,95,13,7.23,few clouds,2021-06-13 01:50:27
53,Kijang,KR,35.2442,129.2139,78.53,84,92,4.76,overcast clouds,2021-06-13 01:50:28
54,Hithadhoo,MV,-0.6,73.0833,81.81,74,10,8.43,clear sky,2021-06-13 01:50:28
55,Klaksvik,FO,62.2266,-6.589,45.52,95,100,15.48,overcast clouds,2021-06-13 01:50:28
56,Victoria,HK,22.2855,114.1577,87.76,88,100,1.99,overcast clouds,2021-06-13 01:48:59
57,Vila Velha,BR,-20.3297,-40.2925,69.75,73,40,4.61,scattered clouds,2021-06-13 01:46:19
58,Faya,SA,18.3851,42.4509,68.11,19,97,8.34,overcast clouds,2021-06-13 01:50:29
59,Livramento,BR,-3.0254,-60.1803,83.07,89,0,0.0,light rain,2021-06-13 01:50:29
60,Tuktoyaktuk,CA,69.4541,-133.0374,44.6,81,90,14.97,overcast clouds,2021-06-13 01:50:30
61,Kodiak,US,57.79,-152.4072,56.71,58,90,10.36,overcast clouds,2021-06-13 01:50:30
62,Careiro Da Varzea,BR,-3.2003,-59.8119,83.01,75,86,2.89,light rain,2021-06-13 01:50:30
63,Gravdal,NO,68.1214,13.5031,48.04,85,100,9.17,overcast clouds,2021-06-13 01:50:31
64,Puerto Ayora,EC,-0.7393,-90.3518,73.54,90,67,8.99,broken clouds,2021-06-13 01:50:31
65,Barrow,US,71.2906,-156.7887,35.62,80,90,9.22,overcast clouds,2021-06-13 01:50:31
66,Westport,US,41.1415,-73.3579,64.22,87,1,1.99,clear sky,2021-06-13 01:50:32
67,Georgetown,MY,5.4112,100.3354,85.93,82,20,5.01,few clouds,2021-06-13 01:50:32
68,Faanui,PF,-16.4833,-151.75,79.74,78,29,12.26,light rain,2021-06-13 01:50:32
69,Ribeira Grande,PT,38.5167,-28.7,67.93,84,13,1.74,few clouds,2021-06-13 01:50:33
70,San Patricio,US,28.017,-97.5169,84.88,79,18,7.4,few clouds,2021-06-13 01:50:33
71,Petropavlovsk-Kamchatskiy,RU,53.0452,158.6483,48.79,100,90,11.18,light rain,2021-06-13 01:50:33
72,Isangel,VU,-19.55,169.2667,82.51,69,75,0.0,broken clouds,2021-06-13 01:50:34
73,Fayaoue,NC,-20.65,166.5333,75.65,73,1,8.23,clear sky,2021-06-13 01:50:34
74,Port Elizabeth,ZA,-33.918,25.5701,59.29,100,90,4.61,mist,2021-06-13 01:45:36
75,Saijo,JP,33.9167,133.1833,79.5,86,64,4.63,broken clouds,2021-06-13 01:50:35
76,Samdari,IN,25.8167,72.5833,86.22,61,0,17.27,clear sky,2021-06-13 01:50:35
77,Lompoc,US,34.6391,-120.4579,80.42,82,75,16.11,mist,2021-06-13 01:50:35
78,Novyy Urengoy,RU,66.0833,76.6333,49.1,67,56,0.87,broken clouds,2021-06-13 01:50:36
79,Norman Wells,CA,65.282,-126.8329,51.84,93,90,3.44,light rain,2021-06-13 01:50:36
80,Lusambo,CD,-4.9667,23.45,68.49,57,6,2.48,clear sky,2021-06-13 01:50:36
81,Soyo,AO,-6.1349,12.3689,75.15,92,75,4.16,broken clouds,2021-06-13 01:50:37
82,Songjianghe,CN,42.1859,127.479,80.01,36,56,4.72,broken clouds,2021-06-13 01:50:37
83,Cidreira,BR,-30.1811,-50.2056,54.77,76,0,7.92,clear sky,2021-06-13 01:50:37
84,Berlevag,NO,70.8578,29.0864,46.9,95,100,4.09,overcast clouds,2021-06-13 01:50:38
85,Hilo,US,19.7297,-155.09,80.33,68,90,10.36,overcast clouds,2021-06-13 01:46:57
86,Leo,BF,11.1,-2.1,79.79,59,81,9.75,broken clouds,2021-06-13 01:50:38
87,Tutoia,BR,-2.7619,-42.2744,77.07,85,97,7.36,overcast clouds,2021-06-13 01:50:39
88,Sao Gabriel,BR,-30.3364,-54.32,51.58,88,0,3.18,clear sky,2021-06-13 01:50:39
89,Santa Maria,BR,-29.6842,-53.8069,49.3,100,0,0.0,clear sky,2021-06-13 01:50:39
90,Eureka,US,40.8021,-124.1637,77.74,74,97,4.0,overcast clouds,2021-06-13 01:47:11
91,Kovdor,RU,67.5662,30.4758,58.71,73,100,9.95,overcast clouds,2021-06-13 01:50:40
92,Nouadhibou,MR,20.931,-17.0347,69.78,83,99,6.91,overcast clouds,2021-06-13 01:53:40
93,Mayo,US,38.8876,-76.5119,74.12,84,90,0.0,overcast clouds,2021-06-13 01:53:40
94,Klyuchi,RU,52.2667,79.1667,59.63,48,96,6.31,overcast clouds,2021-06-13 01:53:41
95,Cherskiy,RU,68.75,161.3,60.22,32,52,3.85,broken clouds,2021-06-13 01:53:41
96,Quime,BO,-16.9833,-67.2167,42.98,53,6,2.24,clear sky,2021-06-13 01:53:41
97,Luis Correia,BR,-2.8792,-41.6669,76.78,86,97,6.29,overcast clouds,2021-06-13 01:53:42
98,Waddan,LY,29.1614,16.139,71.17,53,0,7.58,clear sky,2021-06-13 01:53:42
99,Viedma,AR,-40.8135,-62.9967,55.18,67,43,4.52,scattered clouds,2021-06-13 01:50:28
100,Tiarei,PF,-17.5333,-149.3333,84.22,77,5,10.85,light rain,2021-06-13 01:53:43
101,Qarqin,AF,37.4185,66.0436,84.24,18,0,10.92,clear sky,2021-06-13 01:53:43
102,Kajaani,FI,64.2273,27.7285,57.25,100,75,6.91,moderate rain,2021-06-13 01:53:43
103,Port Alfred,ZA,-33.5906,26.891,65.01,68,68,3.56,broken clouds,2021-06-13 01:51:09
104,Mataura,NZ,-46.1927,168.8643,50.77,100,100,2.55,light rain,2021-06-13 01:53:44
105,Svirstroy,RU,60.7999,33.7248,55.6,98,30,4.0,scattered clouds,2021-06-13 01:53:44
106,Longyearbyen,SJ,78.2186,15.6401,35.44,60,20,16.11,few clouds,2021-06-13 01:53:44
107,Hermanus,ZA,-34.4187,19.2345,54.9,67,0,4.25,clear sky,2021-06-13 01:48:55
108,Tammisaari,FI,59.9736,23.4339,58.1,96,100,11.36,overcast clouds,2021-06-13 01:53:45
109,Bluff,NZ,-46.6,168.3333,52.07,98,100,7.2,light rain,2021-06-13 01:53:45
110,Neiafu,TO,-18.65,-173.9833,79.48,65,40,12.66,scattered clouds,2021-06-13 01:53:46
111,Adrar,MR,20.5022,-10.0711,96.6,14,87,10.16,overcast clouds,2021-06-13 01:53:46
112,Arles,FR,43.6768,4.6303,76.59,56,0,11.5,clear sky,2021-06-13 01:53:46
113,Bagotville,AU,-28.9833,153.4167,64.63,60,0,6.2,clear sky,2021-06-13 01:53:47
114,Clyde River,CA,70.4692,-68.5914,34.03,93,90,18.41,overcast clouds,2021-06-13 01:53:47
115,Nikolskoye,RU,59.7035,30.7861,59.4,90,63,5.01,broken clouds,2021-06-13 01:53:47
116,Bam,IR,29.106,58.357,92.59,9,1,6.53,clear sky,2021-06-13 01:53:48
117,Krk,HR,45.0258,14.5731,72.59,69,52,3.96,broken clouds,2021-06-13 01:53:48
118,Kruisfontein,ZA,-34.0033,24.7314,52.88,71,35,4.12,scattered clouds,2021-06-13 01:53:48
119,Marbella,ES,36.5154,-4.8858,72.25,78,0,2.95,clear sky,2021-06-13 01:53:49
120,Srednekolymsk,RU,67.45,153.6833,69.98,24,99,8.19,overcast clouds,2021-06-13 01:53:49
121,Winder,US,33.9926,-83.7202,82.71,83,90,0.0,overcast clouds,2021-06-13 01:50:09
122,Freeport,US,40.6576,-73.5832,65.07,84,1,1.99,clear sky,2021-06-13 01:51:40
123,Alofi,NU,-19.0595,-169.9187,76.89,57,81,20.71,broken clouds,2021-06-13 01:53:50
124,Suluq,LY,31.6682,20.2521,69.03,78,7,6.22,clear sky,2021-06-13 01:53:50
125,Husavik,IS,66.0449,-17.3389,40.91,76,100,8.61,overcast clouds,2021-06-13 01:53:50
126,Bonthe,SL,7.5264,-12.505,79.39,83,86,5.95,light rain,2021-06-13 01:53:51
127,Dingle,PH,10.9995,122.6711,82.99,76,95,2.95,overcast clouds,2021-06-13 01:53:51
128,Ariquemes,BR,-9.9133,-63.0408,72.03,81,100,2.75,overcast clouds,2021-06-13 01:53:51
129,Ishigaki,JP,24.3448,124.1572,86.13,84,75,12.66,moderate rain,2021-06-13 01:53:52
130,Chokurdakh,RU,70.6333,147.9167,50.16,86,100,7.87,moderate rain,2021-06-13 01:53:52
131,Taoudenni,ML,22.6783,-3.9836,97.88,11,5,12.71,clear sky,2021-06-13 01:53:52
132,Tezu,IN,27.9167,96.1667,88.36,61,62,2.37,broken clouds,2021-06-13 01:53:53
133,Iqaluit,CA,63.7506,-68.5145,38.93,75,20,8.01,few clouds,2021-06-13 01:53:53
134,Thompson,CA,55.7435,-97.8558,51.96,93,90,10.36,overcast clouds,2021-06-13 01:53:53
135,Kropotkin,RU,45.4375,40.5756,60.37,91,73,3.83,broken clouds,2021-06-13 01:53:54
136,Fereydunshahr,IR,32.941,50.121,57.88,22,0,2.42,clear sky,2021-06-13 01:53:54
137,Mercedes,AR,-34.6515,-59.4307,60.84,89,0,8.88,clear sky,2021-06-13 01:56:54
138,Lola,GN,7.8,-8.5333,70.57,98,100,0.58,light rain,2021-06-13 01:56:55
139,Sao Filipe,CV,14.8961,-24.4956,75.16,85,97,6.08,overcast clouds,2021-06-13 01:56:55
140,Nanortalik,GL,60.1432,-45.2371,35.76,89,43,7.2,scattered clouds,2021-06-13 01:56:55
141,Lebu,CL,-37.6167,-73.65,55.9,88,100,7.47,light rain,2021-06-13 01:56:56
142,Vagay,RU,57.9375,69.0217,64.54,54,99,7.23,overcast clouds,2021-06-13 01:56:56
143,San Cristobal,VE,7.7669,-72.225,75.38,99,94,4.16,overcast clouds,2021-06-13 01:56:56
144,Jian,CN,27.1172,114.9793,86.52,69,96,11.88,light rain,2021-06-13 01:56:57
145,San Quintin,MX,30.4833,-115.95,64.67,78,73,11.65,broken clouds,2021-06-13 01:56:57
146,Pedra Azul,BR,-16.0053,-41.2972,64.24,89,100,3.67,overcast clouds,2021-06-13 01:56:57
147,Iracoubo,GF,5.4802,-53.2011,76.37,88,48,4.83,scattered clouds,2021-06-13 01:56:58
148,Santa Vitoria Do Palmar,BR,-33.5189,-53.3681,53.69,93,7,6.42,clear sky,2021-06-13 01:56:58
149,Sao Joao Da Barra,BR,-21.6403,-41.0511,66.69,76,78,9.22,broken clouds,2021-06-13 01:56:58
150,Saldanha,ZA,-33.0117,17.9442,58.12,73,3,4.05,clear sky,2021-06-13 01:56:59
151,Eldorado,BR,-23.7869,-54.2836,49.08,72,0,2.26,clear sky,2021-06-13 01:56:59
152,Plouzane,FR,48.3833,-4.6167,55.58,94,0,8.05,clear sky,2021-06-13 01:56:59
153,Flinders,AU,-34.5833,150.8552,65.05,55,1,7.0,clear sky,2021-06-13 01:57:00
154,Richards Bay,ZA,-28.783,32.0377,60.93,64,12,5.39,few clouds,2021-06-13 01:57:00
155,Binga,ZW,-17.6203,27.3414,54.23,54,0,2.68,clear sky,2021-06-13 01:57:00
156,Upernavik,GL,72.7868,-56.1549,34.77,86,93,6.51,overcast clouds,2021-06-13 01:57:01
157,Tura,IN,25.5198,90.2201,79.74,85,88,3.96,overcast clouds,2021-06-13 01:57:01
158,Sitka,US,57.0531,-135.33,57.29,66,100,4.45,overcast clouds,2021-06-13 01:57:01
159,Port Augusta,AU,-32.5,137.7667,63.72,46,78,13.44,broken clouds,2021-06-13 01:57:02
160,Carnarvon,AU,-24.8667,113.6333,62.67,62,3,5.75,clear sky,2021-06-13 01:57:02
161,Lohardaga,IN,23.4333,84.6833,76.86,81,100,3.02,overcast clouds,2021-06-13 01:57:02
162,Kavieng,PG,-2.5744,150.7967,85.28,67,5,13.31,clear sky,2021-06-13 01:57:03
163,Yulara,AU,-25.2406,130.9889,67.84,40,40,14.97,scattered clouds,2021-06-13 01:57:03
164,Teguise,ES,29.0605,-13.564,62.82,77,90,12.66,overcast clouds,2021-06-13 01:57:04
165,Lata,PT,40.1629,-8.3327,68.04,87,100,2.55,light rain,2021-06-13 01:57:04
166,Souillac,MU,-20.5167,57.5167,74.35,73,40,14.97,scattered clouds,2021-06-13 01:57:04
167,New Norfolk,AU,-42.7826,147.0587,59.67,80,74,1.99,broken clouds,2021-06-13 01:57:04
168,Panshi,CN,42.9422,126.0561,80.17,52,56,10.2,broken clouds,2021-06-13 01:57:05
169,Torbay,CA,47.6666,-52.7314,48.97,62,75,11.5,broken clouds,2021-06-13 01:57:05
170,Port Hedland,AU,-20.3167,118.5667,77.05,69,90,5.75,overcast clouds,2021-06-13 01:57:05
171,Chara,RU,56.9064,118.2631,54.03,60,99,1.7,overcast clouds,2021-06-13 01:57:06
172,Yar-Sale,RU,66.8333,70.8333,63.27,60,39,7.65,scattered clouds,2021-06-13 01:57:06
173,Chuy,UY,-33.6971,-53.4616,53.4,93,6,6.73,clear sky,2021-06-13 01:56:59
174,Abu Samrah,SY,35.3029,37.1841,64.74,62,0,9.19,clear sky,2021-06-13 01:57:07
175,Kapaa,US,22.0752,-159.319,82.38,71,27,4.0,scattered clouds,2021-06-13 01:57:07
176,Talcahuano,CL,-36.7167,-73.1167,53.28,100,90,3.44,overcast clouds,2021-06-13 01:57:07
177,Boda,CF,4.3189,17.4695,70.52,95,100,2.59,light rain,2021-06-13 01:57:08
178,Batouri,CM,4.4333,14.3667,67.21,99,100,3.62,light rain,2021-06-13 01:57:08
179,Kununurra,AU,-15.7667,128.7333,78.78,29,99,4.61,overcast clouds,2021-06-13 01:57:08
180,Myitkyina,MM,25.3833,97.4,80.91,87,90,0.54,overcast clouds,2021-06-13 01:57:09
181,Middelburg,ZA,-25.7751,29.4648,47.39,53,8,6.31,clear sky,2021-06-13 01:57:09
182,Nanzhang,CN,31.7765,111.8386,78.24,89,100,2.35,overcast clouds,2021-06-13 01:57:09
183,Tuatapere,NZ,-46.1333,167.6833,53.33,98,100,2.64,light rain,2021-06-13 01:57:10
184,Russell,US,32.3502,-85.1999,83.43,86,20,0.0,few clouds,2021-06-13 02:00:17
185,Kondopoga,RU,62.2057,34.2614,54.39,92,15,4.23,few clouds,2021-06-13 02:00:17
186,Burnie,AU,-41.0667,145.9167,61.92,68,21,2.55,few clouds,2021-06-13 02:00:18
187,Geraldton,AU,-28.7667,114.6,61.21,82,40,9.22,scattered clouds,2021-06-13 02:00:18
188,Kabinda,CD,-6.1333,24.4833,65.86,57,1,4.54,clear sky,2021-06-13 02:00:18
189,Sorland,NO,67.667,12.6934,48.92,80,100,16.22,overcast clouds,2021-06-13 02:00:19
190,Dzilam Gonzalez,MX,21.2833,-88.9333,76.64,91,100,3.58,overcast clouds,2021-06-13 02:00:19
191,Hirara,JP,24.8,125.2833,83.25,82,100,14.88,overcast clouds,2021-06-13 02:00:20
192,Terney,RU,45.0503,136.6092,74.48,53,13,4.47,few clouds,2021-06-13 02:00:20
193,Fort Nelson,CA,58.8053,-122.7002,66.15,42,59,3.6,broken clouds,2021-06-13 02:00:12
194,Port Lincoln,AU,-34.7333,135.8667,56.62,68,100,9.62,overcast clouds,2021-06-13 02:00:21
195,Hamilton,US,39.1834,-84.5333,80.69,82,25,1.01,scattered clouds,2021-06-13 01:56:51
196,Kieta,PG,-6.2167,155.6333,85.82,59,3,6.51,clear sky,2021-06-13 02:00:21
197,Lorengau,PG,-2.0226,147.2712,85.55,67,13,11.18,few clouds,2021-06-13 02:00:22
198,Domoni,KM,-12.2569,44.5319,76.15,78,75,12.08,broken clouds,2021-06-13 02:00:22
199,Dudinka,RU,69.4058,86.1778,40.59,71,21,5.91,few clouds,2021-06-13 02:00:22
200,Butaritari,KI,3.0707,172.7902,82.47,73,23,6.55,few clouds,2021-06-13 02:00:23
201,Nanlong,CN,31.3533,106.0631,77.41,86,99,3.65,overcast clouds,2021-06-13 02:00:23
202,Vestmannaeyjar,IS,63.4427,-20.2734,43.16,86,100,34.87,overcast clouds,2021-06-13 02:00:23
203,Vanimo,PG,-2.6741,141.3028,85.8,66,9,6.4,clear sky,2021-06-13 02:00:24
204,Cape Town,ZA,-33.9258,18.4232,56.08,93,75,13.8,fog,2021-06-13 01:59:03
205,Tasiilaq,GL,65.6145,-37.6368,35.76,98,100,7.31,light rain,2021-06-13 02:00:24
206,Bathsheba,BB,13.2167,-59.5167,79.38,79,44,11.56,scattered clouds,2021-06-13 02:00:24
207,Fonte Boa,BR,-2.4959,-66.2662,73.13,97,100,1.72,overcast clouds,2021-06-13 01:58:25
208,Karratha,AU,-20.7377,116.8463,76.95,40,55,7.92,broken clouds,2021-06-13 02:00:25
209,Algiers,DZ,36.7525,3.042,64.22,88,0,6.91,clear sky,2021-06-13 01:58:14
210,Hede,CN,33.7681,120.2517,87.12,49,56,6.67,broken clouds,2021-06-13 02:00:25
211,Gat,IL,31.61,34.7642,78.4,60,0,8.1,clear sky,2021-06-13 02:00:07
212,Coquimbo,CL,-29.9533,-71.3436,56.37,87,61,4.56,broken clouds,2021-06-13 02:00:26
213,Lengyeltoti,HU,46.6701,17.644,64.04,76,100,17.4,overcast clouds,2021-06-13 02:00:26
214,Sakakah,SA,29.9697,40.2064,79.75,16,0,6.24,clear sky,2021-06-13 02:00:26
215,Talnakh,RU,69.4865,88.3972,34.07,94,14,7.96,few clouds,2021-06-13 02:00:27
216,Dikson,RU,73.5069,80.5464,31.91,96,100,12.3,overcast clouds,2021-06-13 01:56:55
217,Evensk,RU,61.95,159.2333,55.85,58,5,10.6,clear sky,2021-06-13 02:00:27
218,Agadir,MA,30.4202,-9.5982,64.85,87,20,3.98,few clouds,2021-06-13 02:00:28
219,Wanaka,NZ,-44.7,169.15,52.54,98,100,3.18,moderate rain,2021-06-13 01:59:33
220,El Sauzal,MX,31.9,-116.6833,65.41,77,72,3.47,broken clouds,2021-06-13 02:00:28
221,Kaitong,CN,44.8135,123.15,84.97,40,5,8.32,clear sky,2021-06-13 02:00:28
222,Gizo,SB,-8.103,156.8419,83.21,68,8,3.31,clear sky,2021-06-13 02:00:29
223,Alyangula,AU,-13.8483,136.4192,80.85,66,72,4.65,broken clouds,2021-06-13 02:00:29
224,Zhangye,CN,38.9342,100.4517,74.55,35,93,1.28,overcast clouds,2021-06-13 02:00:29
225,Caravelas,BR,-17.7125,-39.2481,75.16,72,100,12.75,overcast clouds,2021-06-13 02:00:30
226,Awjilah,LY,29.1081,21.2869,70.88,65,0,12.66,clear sky,2021-06-13 02:00:30
227,Lluta,PE,-16.0147,-72.0142,49.5,23,0,4.05,clear sky,2021-06-13 02:00:30
228,Nishihara,JP,26.1842,127.7558,83.48,84,75,10.36,broken clouds,2021-06-13 02:03:31
229,Port-Gentil,GA,-0.7193,8.7815,77.61,88,100,8.37,overcast clouds,2021-06-13 02:03:31
230,Owando,CG,-0.4819,15.8999,73.02,86,42,3.42,scattered clouds,2021-06-13 02:03:31
231,Khash,IR,28.2211,61.2158,83.88,9,0,4.09,clear sky,2021-06-13 02:03:32
232,Naze,JP,28.3667,129.4833,73.89,91,100,8.46,moderate rain,2021-06-13 02:03:32
233,Kargasok,RU,59.0556,80.8572,61.63,78,90,14.34,overcast clouds,2021-06-13 02:03:32
234,Aklavik,CA,68.2191,-135.0107,60.85,43,100,17.72,overcast clouds,2021-06-13 02:03:33
235,Empalme,MX,27.9667,-110.8167,94.35,66,1,11.5,clear sky,2021-06-13 02:03:33
236,Chapais,CA,49.7834,-74.8492,52.07,46,92,4.23,overcast clouds,2021-06-13 02:00:59
237,Sudbury,CA,46.49,-80.99,59.41,75,100,0.38,overcast clouds,2021-06-13 02:03:34
238,Port Blair,IN,11.6667,92.75,84.24,79,75,10.36,mist,2021-06-13 02:03:34
239,Emba,KZ,48.8264,58.1442,69.69,31,100,23.2,overcast clouds,2021-06-13 02:03:34
240,Pampa,US,35.5362,-100.9599,82.56,69,1,8.05,clear sky,2021-06-13 02:03:34
241,Denpasar,ID,-8.65,115.2167,82.06,83,20,3.44,few clouds,2021-06-13 01:59:59
242,Katsuura,JP,35.1333,140.3,83.23,74,100,12.44,overcast clouds,2021-06-13 02:03:35
243,Kristiansund,NO,63.1115,7.732,48.85,81,75,26.46,broken clouds,2021-06-13 02:03:35
244,Nome,US,64.5011,-165.4064,51.17,77,100,8.84,overcast clouds,2021-06-13 02:03:36
245,Puerto Escondido,MX,15.85,-97.0667,79.88,87,100,6.33,overcast clouds,2021-06-13 02:03:36
246,Lavrentiya,RU,65.5833,-171.0,36.77,97,100,10.22,overcast clouds,2021-06-13 02:03:36
247,Dukat,RU,62.55,155.55,58.26,31,0,2.13,clear sky,2021-06-13 02:03:37
248,Yumen,CN,40.2833,97.2,69.78,42,100,5.17,light rain,2021-06-13 02:03:37
249,Bengkulu,ID,-3.8004,102.2655,81.09,75,96,1.79,overcast clouds,2021-06-13 02:03:37
250,Kulhudhuffushi,MV,6.6221,73.07,81.93,79,100,17.22,overcast clouds,2021-06-13 02:03:38
251,Cleburne,US,32.3476,-97.3867,87.85,74,1,4.61,clear sky,2021-06-13 02:03:38
252,Belogorsk,RU,50.9158,128.4611,73.47,51,16,5.32,few clouds,2021-06-13 02:03:38
253,Avera,US,33.194,-82.5271,75.07,89,81,13.02,broken clouds,2021-06-13 02:03:39
254,Liberty,US,31.8335,-81.5004,71.92,83,100,2.1,light rain,2021-06-13 02:03:39
255,Kokopo,PG,-4.352,152.2633,86.27,59,5,11.99,clear sky,2021-06-13 02:03:39
256,Kaitangata,NZ,-46.2817,169.8464,50.07,98,100,2.15,moderate rain,2021-06-13 02:03:40
257,Vardo,NO,70.3705,31.1107,45.5,96,84,5.88,broken clouds,2021-06-13 01:59:34
258,Kainantu,PG,-6.2887,145.8655,74.01,55,7,6.08,clear sky,2021-06-13 02:03:40
259,Komsomolskiy,UZ,40.4272,71.7189,72.82,49,94,4.61,overcast clouds,2021-06-13 02:03:40
260,San Jeronimo,PE,-11.9472,-75.2829,50.79,75,85,2.71,overcast clouds,2021-06-13 02:03:41
261,Cayenne,GF,4.9333,-52.3333,79.09,87,20,0.0,few clouds,2021-06-13 02:00:04
262,Boguchany,RU,58.3814,97.4531,64.8,39,20,7.76,few clouds,2021-06-13 02:03:41
263,Portland,US,45.5234,-122.6762,74.91,67,100,1.01,light rain,2021-06-13 01:59:56
264,College,US,64.8569,-147.8028,72.46,47,99,1.01,overcast clouds,2021-06-13 02:03:42
265,Fortuna,US,40.5982,-124.1573,76.48,66,90,3.0,overcast clouds,2021-06-13 02:02:16
266,Cerrito,CO,6.8432,-72.694,53.29,94,100,4.05,overcast clouds,2021-06-13 02:03:42
267,Kungurtug,RU,50.5994,97.5228,56.46,64,66,3.22,broken clouds,2021-06-13 02:03:42
268,Caninde,BR,-4.3589,-39.3117,72.01,86,7,3.49,clear sky,2021-06-13 02:03:43
269,Nikolayevsk-Na-Amure,RU,53.1406,140.73,41.38,98,100,4.7,light rain,2021-06-13 02:03:43
270,Bambous Virieux,MU,-20.3428,57.7575,74.21,71,25,18.86,scattered clouds,2021-06-13 02:03:43
271,Guerrero Negro,MX,27.9769,-114.0611,64.29,80,6,21.32,clear sky,2021-06-13 01:59:23
272,Kangaatsiaq,GL,68.3065,-53.4641,37.53,87,93,9.55,overcast clouds,2021-06-13 02:03:44
273,Vao,NC,-22.6667,167.4833,73.29,79,8,8.84,clear sky,2021-06-13 02:03:44
274,Cabo San Lucas,MX,22.8909,-109.9124,88.52,67,4,9.17,clear sky,2021-06-13 02:00:22
275,Tual,ID,-5.6667,132.75,81.45,81,75,15.57,broken clouds,2021-06-13 02:06:44
276,Mao,ES,39.8885,4.2658,68.56,94,40,4.61,scattered clouds,2021-06-13 02:06:45
277,Airai,TL,-8.9266,125.4092,72.21,53,16,3.33,few clouds,2021-06-13 02:06:45
278,San Vicente,AR,-26.6167,-54.1333,46.67,79,0,2.86,clear sky,2021-06-13 02:06:45
279,Hambantota,LK,6.1241,81.1185,79.14,100,40,5.75,scattered clouds,2021-06-13 02:06:46
280,Abilene,US,32.4487,-99.7331,88.29,61,1,1.01,clear sky,2021-06-13 02:06:46
281,Salalah,OM,17.0151,54.0924,81.81,85,74,6.22,broken clouds,2021-06-13 02:03:27
282,The Valley,AI,18.217,-63.0578,80.82,78,35,16.6,scattered clouds,2021-06-13 02:06:46
283,Ikwiriri,TZ,-7.9562,38.9716,64.72,95,3,1.41,clear sky,2021-06-13 02:06:47
284,Fairbanks,US,64.8378,-147.7164,73.49,45,75,3.44,broken clouds,2021-06-13 02:06:47
285,Prince George,CA,53.9166,-122.753,65.28,46,88,6.67,overcast clouds,2021-06-13 02:06:02
286,Kamakwie,SL,9.5,-12.2333,73.4,96,29,2.66,moderate rain,2021-06-13 02:06:48
287,Alice Springs,AU,-23.7,133.8833,74.21,21,90,11.99,overcast clouds,2021-06-13 02:06:48
288,Juneau,US,58.3019,-134.4197,60.8,76,90,3.0,overcast clouds,2021-06-13 02:06:48
289,Kota Kinabalu,MY,5.9749,116.0724,82.38,74,20,8.05,few clouds,2021-06-13 02:06:49
290,Pilar,BR,-9.5972,-35.9567,69.73,92,100,1.28,overcast clouds,2021-06-13 02:03:18
291,Paita,PE,-5.0892,-81.1144,67.75,81,12,14.29,few clouds,2021-06-13 02:06:49
292,Esperance,AU,-33.8667,121.9,61.34,64,15,7.18,few clouds,2021-06-13 02:06:49
293,Morong,PH,14.5115,121.2393,88.34,71,67,3.4,broken clouds,2021-06-13 02:06:50
294,Virginia Beach,US,36.8529,-75.978,70.02,87,75,10.36,broken clouds,2021-06-13 02:06:22
295,Wattegama,LK,6.7989,81.4808,77.92,68,47,6.76,scattered clouds,2021-06-13 02:06:50
296,Padang,ID,-0.9492,100.3543,78.85,64,37,0.83,heavy intensity rain,2021-06-13 02:06:50
297,Bandiagara,ML,14.3501,-3.6104,93.07,32,95,14.85,overcast clouds,2021-06-13 02:06:51
298,Gua Musang,MY,4.8823,101.9644,77.52,90,100,0.96,overcast clouds,2021-06-13 02:06:51
299,Oranjemund,NA,-28.55,16.4333,56.59,84,14,6.51,few clouds,2021-06-13 02:06:51
300,Alanya,TR,36.5438,31.9998,66.33,61,0,5.08,clear sky,2021-06-13 02:05:29
301,Mahebourg,MU,-20.4081,57.7,74.25,71,21,19.1,few clouds,2021-06-13 02:06:52
302,Fukue,JP,32.6881,128.8419,74.1,87,100,0.6,light rain,2021-06-13 02:06:52
303,Ankang,CN,32.68,109.0172,74.32,93,100,2.19,light rain,2021-06-13 02:04:19
304,Sangmelima,CM,2.9333,11.9833,67.12,99,45,1.88,light rain,2021-06-13 02:06:53
305,Upington,ZA,-28.4478,21.2561,59.7,39,16,10.49,few clouds,2021-06-13 02:06:53
306,Sangar,RU,63.9242,127.4739,62.51,32,6,5.53,clear sky,2021-06-13 02:06:54
307,Harper,LR,4.375,-7.7169,78.15,86,76,6.15,light rain,2021-06-13 02:06:54
308,Pevek,RU,69.7008,170.3133,36.39,80,0,3.15,clear sky,2021-06-13 02:06:54
309,Kaeo,NZ,-35.1,173.7833,63.32,91,100,10.29,overcast clouds,2021-06-13 02:06:55
310,Vila Franca Do Campo,PT,37.7167,-25.4333,68.41,90,8,3.33,clear sky,2021-06-13 02:06:55
311,Kiboga,UG,0.9161,31.7742,60.28,87,57,1.99,broken clouds,2021-06-13 02:06:55
312,Chifeng,CN,42.2683,118.9636,88.59,31,89,8.97,light rain,2021-06-13 02:02:57
313,Bilma,NE,18.6853,12.9164,89.64,15,34,18.45,scattered clouds,2021-06-13 02:06:56
314,Honningsvag,NO,70.9821,25.9704,43.75,98,100,17.31,moderate rain,2021-06-13 02:06:56
315,Cockburn Town,TC,21.4612,-71.1419,79.88,83,90,15.79,overcast clouds,2021-06-13 02:06:56
316,Necochea,AR,-38.5473,-58.7368,55.09,84,0,9.55,clear sky,2021-06-13 02:06:57
317,Linguere,SN,15.3953,-15.1193,80.94,61,37,12.44,scattered clouds,2021-06-13 02:06:57
318,Elmadag,TR,39.9208,33.2308,52.34,82,3,1.61,clear sky,2021-06-13 02:06:57
319,Kamenskiy,RU,50.8855,45.488,62.22,79,10,5.14,clear sky,2021-06-13 02:06:58
320,Leh,IN,34.1667,77.5833,53.35,39,61,4.65,broken clouds,2021-06-13 02:06:58
321,Turukhansk,RU,65.8167,87.9833,45.63,63,9,15.43,clear sky,2021-06-13 02:06:58
322,La Ronge,CA,55.1001,-105.2842,62.98,49,34,5.01,scattered clouds,2021-06-13 02:09:59
323,Ixtapa,MX,20.7,-105.2,76.23,83,90,11.5,overcast clouds,2021-06-13 02:09:59
324,Penzance,GB,50.1186,-5.5371,55.76,91,7,8.57,clear sky,2021-06-13 02:09:59
325,Lock Haven,US,41.137,-77.4469,70.36,88,27,3.49,scattered clouds,2021-06-13 02:10:00
326,Codrington,AU,-38.2667,141.9667,55.62,76,100,4.85,overcast clouds,2021-06-13 02:10:00
327,Grand Forks,US,47.9417,-97.4337,75.13,35,1,3.44,clear sky,2021-06-13 02:08:02
328,Senneterre,CA,48.3835,-77.2328,56.44,57,100,2.71,overcast clouds,2021-06-13 02:10:01
329,Skibbereen,IE,51.55,-9.2667,58.8,90,0,3.69,clear sky,2021-06-13 02:10:01
330,Puerto Madryn,AR,-42.7692,-65.0385,55.11,47,97,4.92,overcast clouds,2021-06-13 02:08:29
331,Kunming,CN,25.0389,102.7183,70.88,69,77,4.14,broken clouds,2021-06-13 02:05:03
332,Elvas,PT,38.8815,-7.1628,62.65,92,74,2.08,broken clouds,2021-06-13 02:10:01
333,Moen,NO,69.1304,18.6123,47.12,93,90,2.3,overcast clouds,2021-06-13 02:10:03
334,Ilulissat,GL,69.2167,-51.1,35.62,87,90,6.91,overcast clouds,2021-06-13 02:10:04
335,Banda Aceh,ID,5.5577,95.3222,83.79,71,95,7.99,overcast clouds,2021-06-13 02:10:04
336,Te Anau,NZ,-45.4167,167.7167,53.46,97,100,2.39,overcast clouds,2021-06-13 02:10:04
337,Awbari,LY,26.5921,12.7805,76.75,27,0,7.74,clear sky,2021-06-13 02:10:05
338,Roma,US,43.2128,-75.4557,67.86,80,60,3.31,broken clouds,2021-06-13 02:06:55
339,Lagunas,PE,-5.2269,-75.6753,70.83,95,80,3.42,broken clouds,2021-06-13 02:10:05
340,Concepcion Del Oro,MX,24.6333,-101.4167,67.82,47,97,9.62,overcast clouds,2021-06-13 02:10:06
341,Sinnamary,GF,5.3833,-52.95,76.55,87,33,3.24,scattered clouds,2021-06-13 02:10:06
342,Pierre,US,44.3683,-100.351,83.98,33,1,3.0,clear sky,2021-06-13 02:10:06
343,Leningradskiy,RU,69.3833,178.4167,38.26,85,51,10.4,broken clouds,2021-06-13 02:10:07
344,Lackawanna,US,42.8256,-78.8234,68.97,64,0,6.17,clear sky,2021-06-13 02:10:07
345,Taksimo,RU,56.3444,114.8794,58.26,51,100,3.36,overcast clouds,2021-06-13 02:10:07
346,Bonnybridge,GB,56.0015,-3.8886,60.49,86,100,7.7,overcast clouds,2021-06-13 02:10:08
347,Port-Cartier,CA,50.0334,-66.8654,49.75,52,5,7.74,clear sky,2021-06-13 02:10:08
348,Touros,BR,-5.1989,-35.4608,74.3,80,92,10.58,overcast clouds,2021-06-13 02:07:19
349,Anderson,US,34.5334,-82.6499,74.75,94,40,3.44,scattered clouds,2021-06-13 02:06:21
350,Sharjah,AE,25.3573,55.4033,85.98,82,0,9.22,clear sky,2021-06-13 02:10:08
351,La Macarena,CO,2.1837,-73.7849,71.8,99,100,2.95,light rain,2021-06-13 02:10:09
352,Fairview,US,40.8126,-73.999,64.81,73,75,0.0,broken clouds,2021-06-13 02:10:09
353,Boca De Parita,PA,8.0167,-80.45,71.96,81,100,3.51,overcast clouds,2021-06-13 02:10:10
354,Bredasdorp,ZA,-34.5322,20.0403,52.29,78,3,3.56,clear sky,2021-06-13 02:10:10
355,Martapura,ID,-3.4167,114.85,78.89,94,20,3.44,few clouds,2021-06-13 02:10:10
356,Omboue,GA,-1.5746,9.2618,75.29,95,100,2.75,overcast clouds,2021-06-13 02:08:42
357,Sur,OM,22.5667,59.5289,89.33,58,0,4.85,clear sky,2021-06-13 02:08:09
358,Lang Son,VN,21.8333,106.7333,79.0,85,96,3.91,overcast clouds,2021-06-13 02:10:11
359,Riyadh,SA,24.6877,46.7219,78.94,18,0,12.24,clear sky,2021-06-13 02:07:17
360,Balkanabat,TM,39.5108,54.3671,76.86,54,0,3.78,clear sky,2021-06-13 02:10:11
361,Korla,CN,41.7597,86.1469,70.74,45,19,19.46,few clouds,2021-06-13 02:10:12
362,Zyryanovsk,KZ,49.7386,84.2719,47.57,86,100,2.1,overcast clouds,2021-06-13 02:10:12
363,Saint George,US,37.1041,-113.5841,102.67,7,1,1.01,clear sky,2021-06-13 02:07:11
364,Markkleeberg,DE,51.2833,12.4,56.1,83,20,1.01,few clouds,2021-06-13 02:10:12
365,Sal Rei,CV,16.1833,-22.9167,77.56,85,100,5.55,overcast clouds,2021-06-13 02:10:13
366,Lahij,YE,13.1667,44.5833,84.69,45,97,4.85,overcast clouds,2021-06-13 02:10:13
367,Tashtagol,RU,52.7657,87.8894,50.22,95,100,1.81,overcast clouds,2021-06-13 02:10:13
368,Popondetta,PG,-8.7537,148.2534,88.99,53,6,5.55,clear sky,2021-06-13 02:13:14
369,Kampot,KH,10.6167,104.1833,80.65,78,100,8.43,overcast clouds,2021-06-13 02:13:14
370,Rio Bueno,CL,-40.3167,-72.9667,44.74,97,100,5.84,overcast clouds,2021-06-13 02:13:14
371,Mandalgovi,MN,45.7625,106.2708,59.11,69,100,7.49,overcast clouds,2021-06-13 02:13:15
372,Deputatskiy,RU,69.3,139.9,56.32,47,60,3.09,broken clouds,2021-06-13 02:09:58
373,Zaysan,KZ,47.4667,84.8667,56.88,44,6,6.6,clear sky,2021-06-13 02:13:15
374,Kamaishi,JP,39.2667,141.8833,72.34,74,100,5.66,overcast clouds,2021-06-13 02:13:16
375,Santa Cruz,BO,-17.8,-63.1667,54.86,88,0,4.61,clear sky,2021-06-13 02:13:16
376,Gimli,CA,50.6336,-96.9907,65.84,68,58,7.43,broken clouds,2021-06-13 02:13:16
377,Keetmanshoop,NA,-26.5833,18.1333,61.16,30,28,5.66,scattered clouds,2021-06-13 02:13:17
378,Saryg-Sep,RU,51.5,95.6,50.09,79,89,4.21,overcast clouds,2021-06-13 02:13:17
379,Huilong,CN,31.8111,121.655,78.98,92,100,6.4,moderate rain,2021-06-13 02:13:17
380,Mattru,SL,7.6244,-11.8332,74.35,97,93,1.97,moderate rain,2021-06-13 02:13:18
381,Sabang,ID,5.8933,95.3214,83.08,76,99,13.91,overcast clouds,2021-06-13 02:13:18
382,Kourou,GF,5.1552,-52.6478,79.11,90,33,1.77,scattered clouds,2021-06-13 02:13:18
383,Sompeta,IN,18.9333,84.6,84.09,71,100,3.76,light rain,2021-06-13 02:13:19
384,Inirida,CO,3.8653,-67.9239,70.61,99,98,0.47,overcast clouds,2021-06-13 02:13:19
385,Ostrovnoy,RU,68.0531,39.5131,63.19,48,19,14.5,few clouds,2021-06-13 02:13:19
386,Wellington,NZ,-41.2866,174.7756,60.06,85,75,3.0,broken clouds,2021-06-13 02:09:11
387,Barstow,US,34.8986,-117.0228,97.5,11,50,12.39,scattered clouds,2021-06-13 02:13:20
388,Beloha,MG,-25.1667,45.05,65.07,75,0,6.26,clear sky,2021-06-13 02:13:20
389,Mandla,IN,22.6,80.3833,80.17,75,76,7.18,broken clouds,2021-06-13 02:13:20
390,Nador,MA,35.174,-2.9287,70.05,88,75,0.0,broken clouds,2021-06-13 02:13:21
391,Half Moon Bay,US,37.4636,-122.4286,80.42,73,20,25.32,few clouds,2021-06-13 02:13:21
392,Saint-Philippe,RE,-21.3585,55.7679,71.15,84,52,15.48,broken clouds,2021-06-13 02:13:21
393,Olafsvik,IS,64.8945,-23.7142,43.97,73,100,15.35,overcast clouds,2021-06-13 02:13:22
394,Kologriv,RU,58.8275,44.3178,57.63,96,84,7.58,broken clouds,2021-06-13 02:13:22
395,Tafresh,IR,34.692,50.013,69.62,13,0,3.33,clear sky,2021-06-13 02:13:22
396,Namibe,AO,-15.1961,12.1522,69.51,69,13,0.92,few clouds,2021-06-13 02:13:23
397,Dicabisagan,PH,17.0818,122.4157,88.11,62,76,8.95,broken clouds,2021-06-13 02:13:23
398,Hofn,IS,64.2539,-15.2082,37.36,97,100,14.74,overcast clouds,2021-06-13 02:13:23
399,Kenora,CA,49.8167,-94.4337,75.18,54,0,6.55,clear sky,2021-06-13 02:13:24
400,Grindavik,IS,63.8424,-22.4338,43.56,93,90,16.11,light rain,2021-06-13 02:13:24
401,Arraial Do Cabo,BR,-22.9661,-42.0278,69.53,69,15,14.2,few clouds,2021-06-13 02:13:24
402,Hualmay,PE,-11.0964,-77.6139,65.07,84,4,6.93,clear sky,2021-06-13 02:13:25
403,Korb,DE,48.843,9.3626,63.21,85,75,1.01,broken clouds,2021-06-13 02:13:25
404,Coahuayana,MX,18.7333,-103.6833,80.58,73,96,1.28,overcast clouds,2021-06-13 02:13:25
405,Aykhal,RU,66.0,111.5,44.11,87,100,8.01,overcast clouds,2021-06-13 02:13:25
406,Kutum,SD,14.2,24.6667,81.91,14,100,9.62,overcast clouds,2021-06-13 02:13:26
407,Puerto Palomas,MX,31.7667,-107.6167,101.53,7,7,9.13,clear sky,2021-06-13 02:13:26
408,Okhotsk,RU,59.3833,143.3,56.5,57,54,9.42,broken clouds,2021-06-13 02:08:40
409,Bubaque,GW,11.2833,-15.8333,80.83,81,100,12.35,overcast clouds,2021-06-13 02:13:27
410,Warrington,GB,53.3925,-2.5802,57.97,84,32,1.07,scattered clouds,2021-06-13 02:13:27
411,Ambilobe,MG,-13.2,49.05,69.06,95,6,2.68,clear sky,2021-06-13 02:13:27
412,Novoagansk,RU,61.9449,76.6625,59.23,70,83,11.25,broken clouds,2021-06-13 02:13:28
413,Kalmunai,LK,7.4167,81.8167,82.08,67,50,1.12,scattered clouds,2021-06-13 02:13:28
414,Cherdyn,RU,60.403,56.4787,58.86,73,100,4.92,overcast clouds,2021-06-13 02:13:28
415,Saint-Augustin,CA,51.226,-58.6502,46.06,94,100,10.58,overcast clouds,2021-06-13 02:13:29
416,Socoltenango,MX,16.2167,-92.25,64.69,91,100,3.11,overcast clouds,2021-06-13 02:13:29
417,Jalu,LY,29.0331,21.5482,71.69,61,0,13.09,clear sky,2021-06-13 02:16:29
418,Birkeland,NO,58.3309,8.2323,51.4,71,4,3.44,clear sky,2021-06-13 02:16:29
419,Puerto Narino,CO,-3.7703,-70.3831,73.35,98,100,1.59,overcast clouds,2021-06-13 02:16:30
420,Bereda,ES,43.2686,-7.5406,62.01,100,84,3.6,broken clouds,2021-06-13 02:16:30
421,Saint-Pierre,RE,-21.3393,55.4781,71.24,73,0,8.05,clear sky,2021-06-13 02:16:30
422,Platteville,US,42.7342,-90.4785,73.49,46,1,4.61,clear sky,2021-06-13 02:16:31
423,Henderson,US,36.0397,-114.9819,103.98,5,1,3.0,clear sky,2021-06-13 02:14:38
424,Tagusao,PH,9.1924,117.8141,82.53,72,99,3.98,light rain,2021-06-13 02:16:31
425,Whitehorse,CA,60.7161,-135.0538,59.02,69,75,5.99,light rain,2021-06-13 02:16:32
426,Ergani,TR,38.2653,39.7621,66.92,62,5,4.76,clear sky,2021-06-13 02:16:32
427,San Rafael,AR,-34.6177,-68.3301,58.14,50,0,4.36,clear sky,2021-06-13 02:16:32
428,Hokitika,NZ,-42.7167,170.9667,55.38,92,100,8.52,moderate rain,2021-06-13 02:16:33
429,Turbat,PK,26.0023,63.044,82.54,81,86,4.43,overcast clouds,2021-06-13 02:16:33
430,Nara,JP,34.6851,135.8049,74.52,93,100,2.82,overcast clouds,2021-06-13 02:16:33
431,Tevaitoa,PF,-16.7833,-151.5,79.7,77,19,11.95,light rain,2021-06-13 02:16:34
432,Henties Bay,NA,-22.116,14.2845,54.86,84,99,6.76,overcast clouds,2021-06-13 02:16:34
433,Bani Walid,LY,31.7566,13.9942,65.46,65,0,2.35,clear sky,2021-06-13 02:16:34
434,Baruun-Urt,MN,46.6806,113.2792,76.17,32,100,8.46,overcast clouds,2021-06-13 02:16:35
435,Luxor,EG,25.6989,32.6421,90.05,14,0,4.59,clear sky,2021-06-13 02:12:44
436,Quatre Cocos,MU,-20.2078,57.7625,74.08,72,30,18.54,scattered clouds,2021-06-13 02:16:35
437,Durban,ZA,-29.8579,31.0292,66.02,64,48,5.01,scattered clouds,2021-06-13 02:16:36
438,Karabulak,RU,43.3036,44.8964,63.59,88,100,2.66,moderate rain,2021-06-13 02:16:36
439,Santa Ines,BR,-3.6667,-45.38,71.85,98,55,3.76,broken clouds,2021-06-13 02:16:36
440,Prince Rupert,CA,54.3161,-130.3201,55.09,91,90,4.61,light rain,2021-06-13 02:15:58
441,Kongolo,CD,-5.3833,27.0,68.49,61,8,3.96,clear sky,2021-06-13 02:16:37
442,Baherden,TM,38.4362,57.4316,82.2,41,0,5.23,clear sky,2021-06-13 02:16:37
443,Bandrele,YT,-12.9067,45.1914,78.55,73,75,20.71,broken clouds,2021-06-13 02:16:37
444,Sao Gabriel Da Cachoeira,BR,-0.1303,-67.0892,72.23,99,100,0.49,moderate rain,2021-06-13 02:16:38
445,Aksay,RU,47.26,39.87,61.25,89,81,4.0,broken clouds,2021-06-13 02:16:38
446,Kem,RU,64.9555,34.5793,57.51,74,100,8.88,overcast clouds,2021-06-13 02:16:38
447,Birao,CF,10.2849,22.7882,79.59,64,86,8.55,overcast clouds,2021-06-13 02:16:39
448,Qaqortoq,GL,60.7167,-46.0333,46.9,89,83,5.48,broken clouds,2021-06-13 02:16:39
449,Constitucion,CL,-35.3333,-72.4167,55.54,92,0,6.29,clear sky,2021-06-13 02:15:57
450,Dickson,US,36.077,-87.3878,81.54,93,75,0.0,broken clouds,2021-06-13 02:16:40
451,Erzin,TR,36.9559,36.2,70.0,86,3,1.48,clear sky,2021-06-13 02:16:40
452,Yarmouth,US,41.7057,-70.2286,61.09,91,1,3.0,clear sky,2021-06-13 02:16:41
453,Caconda,AO,-13.7333,15.0667,48.2,40,7,5.14,clear sky,2021-06-13 02:16:41
454,Yucca Valley,US,34.1142,-116.4322,95.52,14,37,4.0,scattered clouds,2021-06-13 02:16:41
455,Luderitz,NA,-26.6481,15.1594,57.43,83,11,2.28,few clouds,2021-06-13 02:16:42
456,Kailua,US,21.4022,-157.7394,85.98,65,51,15.64,broken clouds,2021-06-13 02:12:01
457,Muyezerskiy,RU,63.9333,31.65,56.77,90,90,6.51,overcast clouds,2021-06-13 02:16:42
458,Sayyan,YE,15.1718,44.3244,62.42,24,95,5.35,overcast clouds,2021-06-13 02:19:42
459,Bonavista,CA,48.6499,-53.1147,46.4,77,100,14.25,overcast clouds,2021-06-13 02:19:43
460,Kirakira,SB,-10.4544,161.9205,83.84,75,93,11.5,overcast clouds,2021-06-13 02:19:43
461,Wanning,CN,18.8003,110.3967,84.18,81,76,12.5,broken clouds,2021-06-13 02:19:44
462,Sita Buzaului,RO,45.65,26.0667,46.47,92,14,1.92,few clouds,2021-06-13 02:19:44
463,Nizhniy Ingash,RU,56.2,96.53,61.09,42,99,5.19,overcast clouds,2021-06-13 02:19:44
464,Cumbum,IN,9.7333,77.3,76.66,78,100,8.39,overcast clouds,2021-06-13 02:19:45
465,Maarianhamina,AX,60.0973,19.9348,55.26,71,0,10.36,clear sky,2021-06-13 02:19:45
466,Fort Myers Beach,US,26.452,-81.9481,84.0,81,20,1.01,few clouds,2021-06-13 02:15:12
467,Passos,BR,-20.7189,-46.6097,55.31,74,6,2.15,clear sky,2021-06-13 02:19:45
468,Zhumadian,CN,32.9794,114.0294,74.8,91,100,10.54,moderate rain,2021-06-13 02:19:46
469,Joshimath,IN,30.5667,79.5667,71.01,67,9,2.57,clear sky,2021-06-13 02:19:46
470,Provideniya,RU,64.3833,-173.3,38.73,96,100,13.06,light rain,2021-06-13 02:19:46
471,Cordoba,AR,-31.4135,-64.1811,65.25,65,0,5.01,clear sky,2021-06-13 02:19:47
472,Shirokiy,RU,49.758,129.523,74.5,58,94,2.93,overcast clouds,2021-06-13 02:19:47
473,Oktyabrskiy,RU,54.4815,53.471,60.12,91,95,4.38,overcast clouds,2021-06-13 02:19:47
474,Marystown,CA,47.1666,-55.1483,43.95,85,100,6.53,overcast clouds,2021-06-13 02:19:48
475,Gondar,ET,12.6,37.4667,66.69,46,100,4.61,overcast clouds,2021-06-13 02:19:48
476,Nizhniy Kuranakh,RU,58.8353,125.4869,54.61,65,96,3.56,overcast clouds,2021-06-13 02:19:49
477,Altamont,US,42.2068,-121.7372,74.89,38,40,1.99,scattered clouds,2021-06-13 02:15:04
478,Tyler,US,32.3513,-95.3011,81.84,85,1,3.44,clear sky,2021-06-13 02:19:49
479,Rundu,NA,-17.9333,19.7667,46.74,43,24,5.14,few clouds,2021-06-13 02:19:49
480,Jangaon,IN,17.7167,79.1833,78.24,75,100,18.86,overcast clouds,2021-06-13 02:19:50
481,Ierapetra,GR,35.01,25.7353,67.44,65,0,6.69,clear sky,2021-06-13 02:19:50
482,Kipushi,CD,-11.7667,27.2333,47.59,69,2,4.61,clear sky,2021-06-13 02:19:50
483,Cartagena,CO,10.3997,-75.5144,82.02,83,20,2.3,few clouds,2021-06-13 02:18:53
484,Olinda,BR,-8.0089,-34.8553,73.13,78,40,4.61,scattered clouds,2021-06-13 02:19:51
485,Udachnyy,RU,66.4167,112.4,47.77,76,100,12.19,overcast clouds,2021-06-13 02:19:51
486,Mehran,IR,33.1222,46.1646,76.48,19,0,16.67,clear sky,2021-06-13 02:19:52
487,Sambava,MG,-14.2667,50.1667,72.05,88,71,6.58,broken clouds,2021-06-13 02:19:52
488,Odweyne,SO,9.4092,45.064,72.37,55,100,16.78,overcast clouds,2021-06-13 02:19:52
489,Mago,RU,53.2514,140.1822,43.41,94,100,5.48,light rain,2021-06-13 02:19:53
490,Marion,US,39.7684,-86.1555,83.1,81,75,12.66,broken clouds,2021-06-13 02:15:55
491,Capaci,IT,38.1711,13.2393,70.25,86,0,1.99,clear sky,2021-06-13 02:19:53
492,Mariental,NA,-24.6333,17.9667,55.9,31,55,7.96,broken clouds,2021-06-13 02:19:54
493,Pacific Grove,US,36.6177,-121.9166,77.63,79,75,1.01,broken clouds,2021-06-13 02:19:54
494,Sawtell,AU,-30.3833,153.1,66.18,55,2,8.05,clear sky,2021-06-13 02:19:54
495,Zhezkazgan,KZ,47.8043,67.7144,62.33,40,0,16.26,clear sky,2021-06-13 02:19:54
496,Nyurba,RU,63.2842,118.3319,63.73,34,33,10.22,scattered clouds,2021-06-13 02:19:55
497,Jizan,SA,17.3333,42.6667,90.54,50,74,1.57,broken clouds,2021-06-13 02:19:55
498,Hoquiam,US,46.9809,-123.8893,71.06,61,90,6.91,moderate rain,2021-06-13 02:19:56
499,Beringovskiy,RU,63.05,179.3167,37.09,98,100,7.94,light rain,2021-06-13 02:19:56
500,Monduli,TZ,-3.3,36.45,52.27,94,25,4.21,scattered clouds,2021-06-13 02:19:56
501,Kribi,CM,2.95,9.9167,75.47,90,100,4.45,overcast clouds,2021-06-13 02:19:57
502,Gbadolite,CD,4.2833,21.0167,70.21,96,100,2.13,overcast clouds,2021-06-13 02:22:57
503,Sistranda,NO,63.7256,8.834,48.9,79,62,30.96,broken clouds,2021-06-13 02:22:57
504,Poselki,RU,53.1324,46.5031,58.64,93,11,4.23,few clouds,2021-06-13 02:22:58
505,Hailey,US,43.5196,-114.3153,75.06,33,1,0.0,clear sky,2021-06-13 02:22:58
506,Catio,GW,11.2833,-15.25,80.4,80,100,5.84,overcast clouds,2021-06-13 02:22:59
507,Nioro,GM,13.35,-15.75,82.78,70,100,7.47,overcast clouds,2021-06-13 02:22:59
508,Shimoda,JP,34.6667,138.95,79.16,76,100,8.12,overcast clouds,2021-06-13 02:22:59
509,Anqing,CN,30.5092,117.0506,81.12,82,100,5.14,moderate rain,2021-06-13 02:23:00
510,Lucea,JM,18.451,-78.1736,80.46,78,100,2.44,overcast clouds,2021-06-13 02:23:00
511,Opuwo,NA,-18.0607,13.84,56.26,33,3,7.38,clear sky,2021-06-13 02:23:00
512,Pochutla,MX,15.7432,-96.4661,78.82,92,100,3.69,overcast clouds,2021-06-13 02:23:01
513,Esmeraldas,BR,-19.7625,-44.3139,63.46,86,13,3.67,few clouds,2021-06-13 02:22:37
514,Chulumani,BO,-16.4096,-67.5263,57.2,93,10,0.67,clear sky,2021-06-13 02:23:01
515,Abu Kamal,SY,34.4506,40.9171,74.66,29,0,9.64,clear sky,2021-06-13 02:23:02
516,Outjo,NA,-20.1167,16.15,51.87,36,6,7.36,clear sky,2021-06-13 02:23:02
517,Pitimbu,BR,-7.4706,-34.8086,73.99,79,2,9.66,clear sky,2021-06-13 02:23:02
518,Zilair,RU,52.2332,57.4392,58.87,55,100,9.78,light rain,2021-06-13 02:19:09
519,Beroroha,MG,-21.6667,45.1667,64.78,81,33,2.48,scattered clouds,2021-06-13 02:23:03
520,Egvekinot,RU,66.3167,-179.1667,44.33,56,100,6.15,overcast clouds,2021-06-13 02:23:03
521,Yatou,CN,37.15,122.3833,77.92,53,17,8.3,few clouds,2021-06-13 02:23:04
522,Puerto Quijarro,BO,-17.7833,-57.7667,64.63,83,0,3.53,clear sky,2021-06-13 02:23:04
523,Basco,PH,20.4487,121.9702,84.52,78,100,15.57,overcast clouds,2021-06-13 02:23:05
524,Huarmey,PE,-10.0681,-78.1522,65.93,85,2,6.44,clear sky,2021-06-13 02:23:05
525,Capinzal,BR,-27.3436,-51.6119,46.96,88,0,2.48,clear sky,2021-06-13 02:23:05
526,Lokosovo,RU,61.1333,74.8167,67.08,58,98,6.15,overcast clouds,2021-06-13 02:21:18
527,Volkhovskiy,RU,58.58,31.3164,55.72,88,20,5.75,few clouds,2021-06-13 02:23:06
528,Ahipara,NZ,-35.1667,173.1667,63.34,79,100,12.62,overcast clouds,2021-06-13 02:23:06
529,Jimani,DO,18.4917,-71.8502,82.29,86,18,5.73,few clouds,2021-06-13 02:23:07
530,Bourail,NC,-21.5667,165.4833,79.75,59,28,3.62,scattered clouds,2021-06-13 02:23:07
531,Bichena,ET,10.45,38.2,61.07,32,100,3.51,overcast clouds,2021-06-13 02:23:07
532,Rosario Oeste,BR,-14.8361,-56.4275,67.64,79,97,1.81,overcast clouds,2021-06-13 02:23:08
533,Aksarka,RU,66.5606,67.7975,71.62,44,94,8.99,overcast clouds,2021-06-13 02:23:08
534,Broken Hill,AU,-31.95,141.4333,59.99,39,95,10.2,overcast clouds,2021-06-13 02:23:09
535,Zemio,CF,5.0314,25.1361,70.74,90,100,0.96,overcast clouds,2021-06-13 02:23:09
536,Birin,NP,26.8865,88.0718,64.89,90,98,3.8,overcast clouds,2021-06-13 02:23:09
537,Praia Da Vitoria,PT,38.7333,-27.0667,68.25,88,40,4.34,scattered clouds,2021-06-13 02:23:09
538,Severo-Kurilsk,RU,50.6789,156.125,49.84,85,24,11.92,few clouds,2021-06-13 02:23:10
539,Kodinsk,RU,58.6881,99.1844,65.19,34,1,7.49,clear sky,2021-06-13 02:23:10
540,Nanfeng,CN,23.7434,111.7959,85.35,73,100,4.63,overcast clouds,2021-06-13 02:23:11
541,Calvinia,ZA,-31.4707,19.776,55.45,48,29,1.5,scattered clouds,2021-06-13 02:23:11
542,Rocha,UY,-34.4833,-54.3333,52.93,90,2,5.75,clear sky,2021-06-13 02:23:11
543,Ust-Ordynskiy,RU,52.805,104.7508,51.64,77,100,5.57,overcast clouds,2021-06-13 02:23:11
544,Anadyr,RU,64.75,177.4833,46.9,70,40,13.0,scattered clouds,2021-06-13 02:23:12
545,Mayumba,GA,-3.432,10.6554,75.06,94,85,3.0,overcast clouds,2021-06-13 02:23:12
546,Vila,PT,42.0304,-8.1588,61.34,92,46,4.97,scattered clouds,2021-06-13 02:23:13
547,Northam,GB,51.0333,-4.2167,56.68,94,17,3.36,few clouds,2021-06-13 02:23:13
548,Hervey Bay,AU,-25.2986,152.8535,73.51,46,2,3.2,clear sky,2021-06-13 02:26:13
549,Ginda,IN,30.6945,78.4932,69.62,68,0,1.07,clear sky,2021-06-13 02:26:14
550,Meulaboh,ID,4.1363,96.1285,80.78,72,95,3.02,overcast clouds,2021-06-13 02:26:14
551,Bindura,ZW,-17.3019,31.3306,32.85,74,0,2.77,clear sky,2021-06-13 02:26:14
552,Komsomolets,KZ,53.7453,62.0708,62.24,56,6,8.52,clear sky,2021-06-13 02:26:15
553,Fene,ES,43.45,-8.15,63.66,95,7,4.5,clear sky,2021-06-13 02:26:15
554,Maltahohe,NA,-24.8333,16.9833,53.17,38,91,5.28,overcast clouds,2021-06-13 02:26:15
555,Malpe,IN,13.35,74.7167,74.5,90,100,5.7,overcast clouds,2021-06-13 02:26:16
556,Zyryanka,RU,65.75,150.85,73.69,26,66,14.79,broken clouds,2021-06-13 02:26:16
557,Ormara,PK,25.2088,64.6357,83.64,81,100,12.35,overcast clouds,2021-06-13 02:26:16
558,Rabo De Peixe,PT,37.8,-25.5833,67.51,88,20,2.3,few clouds,2021-06-13 02:26:17
559,Laguna,US,38.421,-121.4238,92.44,45,1,8.01,clear sky,2021-06-13 02:26:17
560,Ouadda,CF,8.0777,22.4007,70.5,91,100,2.28,light rain,2021-06-13 02:26:17
561,Sokolo,ML,14.7328,-6.1219,92.77,31,58,8.03,broken clouds,2021-06-13 02:26:18
562,Kozhevnikovo,RU,56.2589,83.9714,54.25,82,100,4.25,overcast clouds,2021-06-13 02:26:18
563,Ongandjera,NA,-17.8833,15.0667,56.66,33,10,6.76,clear sky,2021-06-13 02:26:19
564,Grenaa,DK,56.4158,10.8783,52.84,87,40,24.09,scattered clouds,2021-06-13 02:26:19
565,Cutervo,PE,-6.379,-78.8157,51.82,91,85,2.57,light rain,2021-06-13 02:26:19
566,Elmvale,CA,44.5834,-79.8664,71.56,83,15,1.95,few clouds,2021-06-13 02:26:19
567,Araouane,ML,18.9048,-3.5265,92.71,12,0,5.44,clear sky,2021-06-13 02:26:20
568,Kanniyakumari,IN,8.0833,77.5667,80.35,83,100,18.3,overcast clouds,2021-06-13 02:26:20
569,Piranhas,BR,-16.4269,-51.8222,70.29,59,96,8.79,overcast clouds,2021-06-13 02:26:21
570,Ranong,TH,9.9658,98.6348,84.13,83,100,10.42,overcast clouds,2021-06-13 02:26:21
571,Gold Coast,AU,-28.0,153.4333,72.19,55,3,1.01,clear sky,2021-06-13 02:22:49
572,Rudsar,IR,37.1376,50.288,71.58,79,20,3.22,few clouds,2021-06-13 02:26:21
573,Puga,MX,21.5833,-104.8167,72.77,86,100,1.48,overcast clouds,2021-06-13 02:26:22
574,Ibra,OM,22.6906,58.5334,86.72,53,1,1.36,clear sky,2021-06-13 02:26:22
575,Ambon,ID,-3.6954,128.1814,84.34,79,40,4.61,scattered clouds,2021-06-13 02:26:22
576,Rio Gallegos,AR,-51.6226,-69.2181,35.65,75,0,12.66,clear sky,2021-06-13 02:26:23
577,Punta De Piedra,VE,7.6176,-71.4916,72.0,97,100,2.89,overcast clouds,2021-06-13 02:26:23
578,Circleville,US,39.6006,-82.946,80.65,78,1,0.0,clear sky,2021-06-13 02:26:23
579,Agadez,NE,19.75,10.25,86.52,13,0,16.11,clear sky,2021-06-13 02:26:23
580,Qianan,CN,44.9932,124.0581,84.7,40,7,9.4,clear sky,2021-06-13 02:26:24
581,Chimbote,PE,-9.0853,-78.5783,65.17,87,12,6.04,few clouds,2021-06-13 02:25:22
582,Suraabad,AZ,40.8192,49.4687,71.78,65,0,9.66,clear sky,2021-06-13 02:26:24
583,Excelsior Springs,US,39.3392,-94.2261,78.67,70,0,0.0,clear sky,2021-06-13 02:26:25
584,Vangaindrano,MG,-23.35,47.6,66.83,93,83,3.18,light rain,2021-06-13 02:26:25
585,Riberalta,BO,-10.9833,-66.1,67.14,76,60,2.73,broken clouds,2021-06-13 02:26:25
586,Lima,PE,-12.0432,-77.0282,63.9,84,90,9.22,overcast clouds,2021-06-13 02:25:04
587,Chilca,PE,-12.5211,-76.7372,65.61,89,28,6.29,scattered clouds,2021-06-13 02:26:26
588,Zhanaozen,KZ,43.3,52.8,75.61,50,1,14.67,clear sky,2021-06-13 02:26:26
589,Garissa,KE,-0.4536,39.6401,71.38,83,93,15.86,overcast clouds,2021-06-13 02:26:26
590,Mansa,IN,29.9833,75.3833,90.01,50,0,14.07,clear sky,2021-06-13 02:26:27
591,Teziutlan,MX,19.8167,-97.35,57.27,98,100,1.97,overcast clouds,2021-06-13 02:26:27
592,Bucerias,MX,20.75,-105.3333,77.99,83,90,11.5,overcast clouds,2021-06-13 02:26:27
593,Krasnovishersk,RU,60.4078,57.082,59.4,72,100,3.71,overcast clouds,2021-06-13 02:26:28
594,Belyy Yar,RU,53.6039,91.3903,60.69,51,0,2.24,clear sky,2021-06-13 02:26:28
595,Staraya Stanitsa,RU,48.35,40.2833,60.28,93,40,5.5,scattered clouds,2021-06-13 02:29:28
596,Timbiqui,CO,2.7717,-77.6654,76.08,92,98,2.08,light rain,2021-06-13 02:29:29
597,Larsnes,NO,62.2028,5.5773,50.86,90,86,12.84,overcast clouds,2021-06-13 02:29:29
598,Asau,RO,46.4333,26.4,56.95,85,52,7.02,broken clouds,2021-06-13 02:29:29
599,Sola,VU,-13.8833,167.55,79.95,66,87,16.98,overcast clouds,2021-06-13 02:29:30
600,Lujan,AR,-34.5703,-59.105,62.98,88,0,8.63,clear sky,2021-06-13 02:29:30
601,Manutuke,NZ,-38.6833,177.9167,63.99,65,97,7.94,overcast clouds,2021-06-13 02:29:30
602,Khorixas,NA,-20.3667,14.9667,60.96,29,16,8.99,few clouds,2021-06-13 02:29:31
603,Port Lavaca,US,28.615,-96.6261,83.98,78,1,4.61,clear sky,2021-06-13 02:27:08
604,Asilah,MA,35.465,-6.0348,67.96,88,1,2.08,clear sky,2021-06-13 02:29:31
605,Staraya Poltavka,RU,50.4772,46.4814,66.52,73,1,3.6,clear sky,2021-06-13 02:29:31
606,Emerald,AU,-23.5333,148.1667,73.54,40,40,4.61,scattered clouds,2021-06-13 02:29:32
607,Gao,ML,16.6362,1.637,91.63,23,76,13.85,broken clouds,2021-06-13 02:29:32
608,Dalby,AU,-27.1833,151.2667,63.3,47,0,6.06,clear sky,2021-06-13 02:29:32
609,Ballina,AU,-28.8667,153.5667,66.24,51,1,9.22,clear sky,2021-06-13 02:29:33
610,Ivanteyevka,RU,55.9711,37.9208,59.63,93,51,2.42,broken clouds,2021-06-13 02:29:33
611,Rorvik,NO,64.8621,11.2373,49.89,74,98,29.73,light rain,2021-06-13 02:29:33
612,Balakhta,RU,55.38,91.6,56.84,63,99,4.54,overcast clouds,2021-06-13 02:26:19
613,Chute-Aux-Outardes,CA,49.1168,-68.399,53.58,62,20,9.22,few clouds,2021-06-13 02:29:34
614,Shediac,CA,46.2198,-64.5411,59.09,72,75,8.05,broken clouds,2021-06-13 02:29:34
615,Heyang,CN,26.1011,107.473,75.78,84,83,6.67,broken clouds,2021-06-13 02:29:34
616,Ucluelet,CA,48.9329,-125.5528,65.08,71,100,4.47,overcast clouds,2021-06-13 02:29:35
617,Sao Felix Do Xingu,BR,-6.6447,-51.995,72.37,70,47,1.88,scattered clouds,2021-06-13 02:29:35
618,Lac-Megantic,CA,45.5834,-70.8823,60.82,79,100,4.34,overcast clouds,2021-06-13 02:29:35
619,Acapulco,MX,16.8634,-99.8901,78.62,89,90,6.91,overcast clouds,2021-06-13 02:26:09
620,Rawson,AR,-43.3002,-65.1023,52.81,47,99,6.15,overcast clouds,2021-06-13 02:29:36
621,Heze,CN,35.2431,115.4411,89.44,49,71,11.52,broken clouds,2021-06-13 02:29:36
622,Yaan,NG,7.3833,8.5667,73.99,92,100,1.81,overcast clouds,2021-06-13 02:29:36
623,Gobabis,NA,-22.45,18.9667,50.05,39,30,8.93,scattered clouds,2021-06-13 02:29:37
624,Porbandar,IN,21.6422,69.6093,85.3,78,57,14.45,broken clouds,2021-06-13 02:29:37
625,Ossora,RU,59.2353,163.0719,51.03,68,79,5.1,broken clouds,2021-06-13 02:29:37
626,Mareeba,AU,-17.0,145.4333,79.45,80,43,5.91,scattered clouds,2021-06-13 02:29:38
627,Hit,IQ,33.6416,42.8251,77.79,26,0,11.01,clear sky,2021-06-13 02:29:38
628,Shatalovo,RU,54.334,32.4465,52.95,94,21,7.23,few clouds,2021-06-13 02:29:39
629,Arkhipo-Osipovka,RU,44.37,38.52,60.31,88,4,2.55,clear sky,2021-06-13 02:29:39
630,Delta Del Tigre,UY,-34.7633,-56.3853,55.51,90,0,8.43,clear sky,2021-06-13 02:29:39
631,Dutse,NG,11.7594,9.3392,80.94,61,100,10.94,overcast clouds,2021-06-13 02:29:40
632,Shelburne,CA,44.0787,-80.2041,66.99,87,71,3.89,broken clouds,2021-06-13 02:29:40
633,Charters Towers,AU,-20.1,146.2667,76.05,69,100,7.2,overcast clouds,2021-06-13 02:29:40
634,Harwich,GB,51.9419,1.2844,57.99,90,13,1.01,few clouds,2021-06-13 02:29:41
635,Gornopravdinsk,RU,60.05,69.9,67.33,49,83,8.08,broken clouds,2021-06-13 02:29:41
636,Troitsko-Pechorsk,RU,62.7084,56.1964,60.89,63,100,7.18,overcast clouds,2021-06-13 02:29:41
637,Polson,US,47.6936,-114.1632,67.48,69,42,1.54,scattered clouds,2021-06-13 02:29:42
638,Neuquen,AR,-38.9516,-68.0591,49.89,81,0,0.0,clear sky,2021-06-13 02:29:42
639,Parana,AR,-31.732,-60.5238,60.55,88,0,8.14,clear sky,2021-06-13 02:28:55
640,Calabozo,VE,8.9242,-67.4293,77.5,63,73,6.08,broken clouds,2021-06-13 02:32:42
641,Sharlyk,RU,52.9167,54.75,64.18,82,17,14.36,few clouds,2021-06-13 02:32:43
642,Maniitsoq,GL,65.4167,-52.9,36.95,81,70,5.95,broken clouds,2021-06-13 02:32:43
643,Havelock,US,34.8791,-76.9013,73.02,86,90,4.0,overcast clouds,2021-06-13 02:32:44
644,Najran,SA,17.4924,44.1277,72.25,19,38,4.0,scattered clouds,2021-06-13 02:32:44
645,Ulaanbaatar,MN,47.9077,106.8832,59.13,77,75,4.47,broken clouds,2021-06-13 02:32:44
646,Weinan,CN,34.5036,109.5089,82.09,45,100,3.09,overcast clouds,2021-06-13 02:32:45
647,Davila,PH,18.4726,120.5763,85.98,69,95,4.52,overcast clouds,2021-06-13 02:32:45
648,Hami,CN,42.8,93.45,76.39,33,28,3.22,scattered clouds,2021-06-13 02:32:46
649,Mountain Home,US,43.133,-115.6912,83.68,23,1,6.91,clear sky,2021-06-13 02:32:46
650,Kurumkan,RU,54.3,110.3,65.91,48,100,3.42,overcast clouds,2021-06-13 02:32:46
651,Ritchie,ZA,-29.038,24.6028,49.21,48,34,5.97,scattered clouds,2021-06-13 02:32:47
652,Futtsu,JP,35.3053,139.8186,83.48,79,100,12.97,light rain,2021-06-13 02:32:47
653,Dunedin,NZ,-45.8742,170.5036,53.8,92,100,10.0,overcast clouds,2021-06-13 02:32:29
654,Ponta Delgada,PT,37.7333,-25.6667,68.72,88,20,2.3,few clouds,2021-06-13 02:32:47
655,Pimenta Bueno,BR,-11.6725,-61.1936,71.31,73,100,3.4,overcast clouds,2021-06-13 02:32:48
656,Morehead,US,37.2711,-87.1764,75.83,91,75,0.0,broken clouds,2021-06-13 02:32:48
657,Siero,ES,43.3833,-5.6667,61.21,95,9,2.75,clear sky,2021-06-13 02:32:48
658,Puerto Carreno,CO,6.189,-67.4859,76.05,85,100,4.03,overcast clouds,2021-06-13 02:32:49
659,Tadine,NC,-21.55,167.8833,76.59,72,1,6.33,clear sky,2021-06-13 02:32:49
660,Sisimiut,GL,66.9395,-53.6735,36.72,87,71,5.01,broken clouds,2021-06-13 02:31:08
661,Kahului,US,20.8947,-156.47,83.46,65,20,21.85,few clouds,2021-06-13 02:29:50
662,Lakatoro,VU,-16.0999,167.4164,80.82,72,20,11.18,few clouds,2021-06-13 02:32:50
663,Acarau,BR,-2.8856,-40.12,76.39,87,100,2.53,overcast clouds,2021-06-13 02:32:50
664,Reims,FR,49.1667,4.0833,57.04,87,0,1.14,clear sky,2021-06-13 02:32:50
665,Carmen,MX,18.6333,-91.8333,81.19,82,100,8.21,overcast clouds,2021-06-13 02:32:51
666,Olga,RU,43.7444,135.2892,80.22,42,5,7.05,clear sky,2021-06-13 02:32:51
667,Tiznit,MA,29.5833,-9.5,61.07,75,24,3.22,few clouds,2021-06-13 02:32:51
668,Kiunga,PG,-6.1219,141.2906,88.41,61,61,3.06,broken clouds,2021-06-13 02:32:52
669,Ojinaga,MX,29.5667,-104.4167,99.55,16,1,9.22,clear sky,2021-06-13 02:32:52
670,Saint Anthony,US,45.0205,-93.218,78.69,42,1,1.99,clear sky,2021-06-13 02:32:52
671,Shenjiamen,CN,29.9576,122.298,73.65,96,100,6.4,light rain,2021-06-13 02:32:53
672,Porto Novo,BJ,6.4965,2.6036,78.62,86,100,2.19,overcast clouds,2021-06-13 02:32:53
673,Coroata,BR,-4.13,-44.1242,71.17,99,51,3.11,broken clouds,2021-06-13 02:32:53
674,Zhengjiatun,CN,43.5064,123.5064,86.49,42,31,15.5,scattered clouds,2021-06-13 02:32:54
